"","G.AC_no","G.AC_yes","G.Cooking_no","G.Cooking_yes","G.Lighting_no","G.Lighting_yes","G.Refrigeration_no","G.Refrigeration_yes","G.TV_no","G.TV_yes","G.Size_1","G.Size_2","G.Size_3","G.Size_4","G.Size_5","G.Size_6","G.Size_7","G.Size_8","G.Size_9","G.Size_10","G.sex_male","G.sex_female","G.age_0_18","G.age_19_25","G.age_26_35","G.age_36_45","G.age_46_55","G.age_56_65","G.age_66_75","G.age_76_85","G.age_86_100","G.Education_Elementary_School","G.Education_High_School","G.Education_Post_Secondary","G.Education_College"
"1",32863.6,3669.4,36051,483,2967,33567,24099,12435,10206,26328,677.436363636364,3326.18181818182,3947.61818181818,7355.8,7302.8,2626.74545454545,4637.05454545455,3340.18181818182,1335.87272727273,1984.30909090909,29219.2,7314.8,0,665.436363636364,3979.61818181818,11290.4181818182,9266.10909090909,6681.36363636364,3320.18181818182,665.436363636364,665.436363636364,11986.8545454545,10613.9818181818,6662.36363636364,5958.92727272727
