"","G.AC_no","G.AC_yes","G.Cooking_no","G.Cooking_yes","G.Lighting_no","G.Lighting_yes","G.Refrigeration_no","G.Refrigeration_yes","G.TV_no","G.TV_yes","G.Size_1","G.Size_2","G.Size_3","G.Size_4","G.Size_5","G.Size_6","G.Size_7","G.Size_8","G.Size_9","G.Size_10","G.sex_male","G.sex_female","G.age_0_18","G.age_19_25","G.age_26_35","G.age_36_45","G.age_46_55","G.age_56_65","G.age_66_75","G.age_76_85","G.age_86_100","G.Education_Elementary_School","G.Education_High_School","G.Education_Post_Secondary","G.Education_College"
"1",30353.6,3393.4,33295,453,2767,30981,22281,11467,9443,24305,613.436363636364,3084.18181818182,3686.61818181818,6730.8,6732.8,2458.74545454545,4303.05454545455,3072.18181818182,1219.87272727273,1846.30909090909,26985.2,6762.8,0,610.436363636364,3678.61818181818,10429.4181818182,8599.10909090909,6141.36363636364,3059.18181818182,616.436363636364,613.436363636364,11057.8545454545,9822.98181818182,6133.36363636364,5511.92727272727
