"","G.AC_no","G.AC_yes","G.Cooking_no","G.Cooking_yes","G.Lighting_no","G.Lighting_yes","G.Refrigeration_no","G.Refrigeration_yes","G.TV_no","G.TV_yes","G.Size_1","G.Size_2","G.Size_3","G.Size_4","G.Size_5","G.Size_6","G.Size_7","G.Size_8","G.Size_9","G.Size_10","G.sex_male","G.sex_female","G.age_0_18","G.age_19_25","G.age_26_35","G.age_36_45","G.age_46_55","G.age_56_65","G.age_66_75","G.age_76_85","G.age_86_100","G.Education_Elementary_School","G.Education_High_School","G.Education_Post_Secondary","G.Education_College"
"1",40355.6,4549.4,44291,615,3683,41223,29647,15259,12567,32339,825.436363636364,4092.18181818182,4932.61818181818,8995.8,8980.8,3223.74545454545,5678.05454545455,4118.18181818182,1633.87272727273,2425.30909090909,35884.2,9021.8,0,803.436363636364,4890.61818181818,13893.4181818182,11453.1090909091,8163.36363636364,4087.18181818182,799.436363636364,815.436363636364,14750.8545454545,12938.9818181818,8188.36363636364,7366.92727272727
