"","G.AC_no","G.AC_yes","G.Cooking_no","G.Cooking_yes","G.Lighting_no","G.Lighting_yes","G.Refrigeration_no","G.Refrigeration_yes","G.TV_no","G.TV_yes","G.Size_1","G.Size_2","G.Size_3","G.Size_4","G.Size_5","G.Size_6","G.Size_7","G.Size_8","G.Size_9","G.Size_10","G.sex_male","G.sex_female","G.age_0_18","G.age_19_25","G.age_26_35","G.age_36_45","G.age_46_55","G.age_56_65","G.age_66_75","G.age_76_85","G.age_86_100","G.Education_Elementary_School","G.Education_High_School","G.Education_Post_Secondary","G.Education_College"
"1",31341.6,3493.4,34375,461,2844,31992,23011,11825,9744,25092,635.436363636364,3144.18181818182,3796.61818181818,6966.8,6972.8,2546.74545454545,4421.05454545455,3169.18181818182,1274.87272727273,1908.30909090909,27879.2,6956.8,0,632.436363636364,3780.61818181818,10770.4181818182,8859.10909090909,6336.36363636364,3182.18181818182,638.436363636364,636.436363636364,11441.8545454545,10119.9818181818,6333.36363636364,5664.92727272727
