"","G.AC_no","G.AC_yes","G.Cooking_no","G.Cooking_yes","G.Lighting_no","G.Lighting_yes","G.Refrigeration_no","G.Refrigeration_yes","G.TV_no","G.TV_yes","G.Size_1","G.Size_2","G.Size_3","G.Size_4","G.Size_5","G.Size_6","G.Size_7","G.Size_8","G.Size_9","G.Size_10","G.sex_male","G.sex_female","G.age_0_18","G.age_19_25","G.age_26_35","G.age_36_45","G.age_46_55","G.age_56_65","G.age_66_75","G.age_76_85","G.age_86_100","G.Education_Elementary_School","G.Education_High_School","G.Education_Post_Secondary","G.Education_College"
"1",32377.6,3580.4,35466,493,2961,32998,23741,12218,10083,25876,642.436363636364,3276.18181818182,3924.61818181818,7183.8,7216.8,2597.74545454545,4582.05454545455,3273.18181818182,1318.87272727273,1943.30909090909,28740.2,7218.8,0,645.436363636364,3918.61818181818,11088.4181818182,9163.10909090909,6562.36363636364,3267.18181818182,664.436363636364,649.436363636364,11790.8545454545,10420.9818181818,6575.36363636364,5872.92727272727
