"","G.AC_no","G.AC_yes","G.Cooking_no","G.Cooking_yes","G.Lighting_no","G.Lighting_yes","G.Refrigeration_no","G.Refrigeration_yes","G.TV_no","G.TV_yes","G.Size_1","G.Size_2","G.Size_3","G.Size_4","G.Size_5","G.Size_6","G.Size_7","G.Size_8","G.Size_9","G.Size_10","G.sex_male","G.sex_female","G.age_0_18","G.age_19_25","G.age_26_35","G.age_36_45","G.age_46_55","G.age_56_65","G.age_66_75","G.age_76_85","G.age_86_100","G.Education_Elementary_School","G.Education_High_School","G.Education_Post_Secondary","G.Education_College"
"1",29424.6,3269.4,32255,439,2677,30017,21582,11112,9153,23541,594.436363636364,2972.18181818182,3566.61818181818,6538.8,6538.8,2377.74545454545,4161.05454545455,2972.18181818182,1188.87272727273,1783.30909090909,26155.2,6538.8,0,594.436363636364,3566.61818181818,10105.4181818182,8322.10909090909,5944.36363636364,2972.18181818182,594.436363636364,594.436363636364,10699.8545454545,9510.98181818182,5944.36363636364,5349.92727272727
