"","G.AC_no","G.AC_yes","G.Cooking_no","G.Cooking_yes","G.Lighting_no","G.Lighting_yes","G.Refrigeration_no","G.Refrigeration_yes","G.TV_no","G.TV_yes","G.Size_1","G.Size_2","G.Size_3","G.Size_4","G.Size_5","G.Size_6","G.Size_7","G.Size_8","G.Size_9","G.Size_10","G.sex_male","G.sex_female","G.age_0_18","G.age_19_25","G.age_26_35","G.age_36_45","G.age_46_55","G.age_56_65","G.age_66_75","G.age_76_85","G.age_86_100","G.Education_Elementary_School","G.Education_High_School","G.Education_Post_Secondary","G.Education_College"
"1",33428.6,3688.4,36623,495,2997,34121,24503,12615,10417,26701,680.436363636364,3390.18181818182,4035.61818181818,7449.8,7396.8,2691.74545454545,4711.05454545455,3376.18181818182,1363.87272727273,2022.30909090909,29700.2,7417.8,0,670.436363636364,4052.61818181818,11448.4181818182,9395.10909090909,6798.36363636364,3391.18181818182,681.436363636364,680.436363636364,12169.8545454545,10805.9818181818,6762.36363636364,6046.92727272727
