"","G.AC_no","G.AC_yes","G.Cooking_no","G.Cooking_yes","G.Lighting_no","G.Lighting_yes","G.Refrigeration_no","G.Refrigeration_yes","G.TV_no","G.TV_yes","G.Size_1","G.Size_2","G.Size_3","G.Size_4","G.Size_5","G.Size_6","G.Size_7","G.Size_8","G.Size_9","G.Size_10","G.sex_male","G.sex_female","G.age_0_18","G.age_19_25","G.age_26_35","G.age_36_45","G.age_46_55","G.age_56_65","G.age_66_75","G.age_76_85","G.age_86_100","G.Education_Elementary_School","G.Education_High_School","G.Education_Post_Secondary","G.Education_College"
"1",35652.6,3897.4,39022,529,3238,36313,26064,13487,11067,28484,713.436363636364,3639.18181818182,4334.61818181818,7868.8,7888.8,2909.74545454545,5014.05454545455,3581.18181818182,1406.87272727273,2194.30909090909,31619.2,7931.8,0,705.436363636364,4289.61818181818,12191.4181818182,10106.1090909091,7239.36363636364,3604.18181818182,716.436363636364,698.436363636364,12959.8545454545,11498.9818181818,7212.36363636364,6446.92727272727
