"","G.AC_no","G.AC_yes","G.Cooking_no","G.Cooking_yes","G.Lighting_no","G.Lighting_yes","G.Refrigeration_no","G.Refrigeration_yes","G.TV_no","G.TV_yes","G.Size_1","G.Size_2","G.Size_3","G.Size_4","G.Size_5","G.Size_6","G.Size_7","G.Size_8","G.Size_9","G.Size_10","G.sex_male","G.sex_female","G.age_0_18","G.age_19_25","G.age_26_35","G.age_36_45","G.age_46_55","G.age_56_65","G.age_66_75","G.age_76_85","G.age_86_100","G.Education_Elementary_School","G.Education_High_School","G.Education_Post_Secondary","G.Education_College"
"1",30848.6,3438.4,33832,456,2799,31489,22629,11659,9610,24678,626.436363636364,3114.18181818182,3762.61818181818,6823.8,6860.8,2501.74545454545,4366.05454545455,3120.18181818182,1251.87272727273,1860.30909090909,27435.2,6852.8,0,617.436363636364,3751.61818181818,10623.4181818182,8705.10909090909,6223.36363636364,3126.18181818182,620.436363636364,620.436363636364,11212.8545454545,10013.9818181818,6218.36363636364,5596.92727272727
