"","G.BuildingSqm","G.BuildingKwh"
"1",69223.5358958208,10079.1684191092
