"","G.BuildingSqm","G.BuildingKwh"
"1",75235.6460627019,10889.1015956448
