"","G.BuildingSqm","G.BuildingKwh"
"1",79167.6824368567,11519.0496218391
