"","G.BuildingSqm","G.BuildingKwh"
"1",74192.7808242504,10799.1090204742
