"","G.BuildingSqm","G.BuildingKwh"
"1",86949.2760987297,12598.9605238865
