"","G.BuildingSqm","G.BuildingKwh"
"1",70361.5287594485,10259.1535694505
