"","G.BuildingSqm","G.BuildingKwh"
"1",68716.8436363636,9989.1758439386
