"","G.BuildingSqm","G.BuildingKwh"
"1",95305.5987226141,13858.8565762752
