"","G.BuildingSqm","G.BuildingKwh"
"1",92254.1666153659,13408.8937004221
