"","G.BuildingSqm","G.BuildingKwh"
"1",76389.2142202137,11069.086745986
