"","G.BuildingSqm","G.BuildingKwh"
"1",71699.5393937832,10439.1387197917
