"","G.BuildingSqm","G.BuildingKwh"
"1",82649.7176737531,11969.0124976922
