{"Income": 7.090096164640067, "Electricity": 0.1944550452113861, "Water": 0.012474681662090413}