,area,BuildingSqm,BuildingKwh,pop
2030,2030,98638.17790133199,14308.819452128264,159.0
