"","G.AC_no","G.AC_yes","G.Cooking_no","G.Cooking_yes","G.Lighting_no","G.Lighting_yes","G.Refrigeration_no","G.Refrigeration_yes","G.TV_no","G.TV_yes","G.Size_1","G.Size_2","G.Size_3","G.Size_4","G.Size_5","G.Size_6","G.Size_7","G.Size_8","G.Size_9","G.Size_10","G.sex_male","G.sex_female","G.age_0_18","G.age_19_25","G.age_26_35","G.age_36_45","G.age_46_55","G.age_56_65","G.age_66_75","G.age_76_85","G.age_86_100","G.Education_Elementary_School","G.Education_High_School","G.Education_Post_Secondary","G.Education_College"
"1",36784.6,4041.4,40281,546,3326,37501,26922,13905,11451,29376,729.436363636364,3698.18181818182,4456.61818181818,8171.8,8182.8,2944.74545454545,5195.05454545455,3745.18181818182,1493.87272727273,2209.30909090909,32593.2,8233.8,0,734.436363636364,4483.61818181818,12675.4181818182,10360.1090909091,7427.36363636364,3672.18181818182,732.436363636364,741.436363636364,13342.8545454545,11904.9818181818,7424.36363636364,6673.92727272727
