"","G.AC_no","G.AC_yes","G.Cooking_no","G.Cooking_yes","G.Lighting_no","G.Lighting_yes","G.Refrigeration_no","G.Refrigeration_yes","G.TV_no","G.TV_yes","G.Size_1","G.Size_2","G.Size_3","G.Size_4","G.Size_5","G.Size_6","G.Size_7","G.Size_8","G.Size_9","G.Size_10","G.sex_male","G.sex_female","G.age_0_18","G.age_19_25","G.age_26_35","G.age_36_45","G.age_46_55","G.age_56_65","G.age_66_75","G.age_76_85","G.age_86_100","G.Education_Elementary_School","G.Education_High_School","G.Education_Post_Secondary","G.Education_College"
"1",39799.6,4398.4,43590,609,3648,40551,29187,15012,12418,31781,808.436363636364,4008.18181818182,4770.61818181818,8860.8,8849.8,3192.74545454545,5646.05454545455,4053.18181818182,1606.87272727273,2402.30909090909,35336.2,8862.8,0,805.436363636364,4824.61818181818,13632.4181818182,11280.1090909091,8029.36363636364,4034.18181818182,827.436363636364,765.436363636364,14498.8545454545,12847.9818181818,8047.36363636364,7230.92727272727
