"","G.AC_no","G.AC_yes","G.Cooking_no","G.Cooking_yes","G.Lighting_no","G.Lighting_yes","G.Refrigeration_no","G.Refrigeration_yes","G.TV_no","G.TV_yes","G.Size_1","G.Size_2","G.Size_3","G.Size_4","G.Size_5","G.Size_6","G.Size_7","G.Size_8","G.Size_9","G.Size_10","G.sex_male","G.sex_female","G.age_0_18","G.age_19_25","G.age_26_35","G.age_36_45","G.age_46_55","G.age_56_65","G.age_66_75","G.age_76_85","G.age_86_100","G.Education_Elementary_School","G.Education_High_School","G.Education_Post_Secondary","G.Education_College"
"1",29891.6,3324.4,32762,455,2712,30505,21928,11289,9299,23918,600.436363636364,3005.18181818182,3625.61818181818,6658.8,6640.8,2416.74545454545,4223.05454545455,3029.18181818182,1205.87272727273,1811.30909090909,26583.2,6633.8,0,603.436363636364,3632.61818181818,10273.4181818182,8451.10909090909,6036.36363636364,3018.18181818182,601.436363636364,600.436363636364,10869.8545454545,9648.98181818182,6049.36363636364,5440.92727272727
