"","G.AC_no","G.AC_yes","G.Cooking_no","G.Cooking_yes","G.Lighting_no","G.Lighting_yes","G.Refrigeration_no","G.Refrigeration_yes","G.TV_no","G.TV_yes","G.Size_1","G.Size_2","G.Size_3","G.Size_4","G.Size_5","G.Size_6","G.Size_7","G.Size_8","G.Size_9","G.Size_10","G.sex_male","G.sex_female","G.age_0_18","G.age_19_25","G.age_26_35","G.age_36_45","G.age_46_55","G.age_56_65","G.age_66_75","G.age_76_85","G.age_86_100","G.Education_Elementary_School","G.Education_High_School","G.Education_Post_Secondary","G.Education_College"
"1",37378.6,4100.4,40935,545,3396,38084,27276,14204,11694,29786,766.436363636364,3744.18181818182,4520.61818181818,8354.8,8328.8,3016.74545454545,5207.05454545455,3809.18181818182,1473.87272727273,2258.30909090909,33151.2,8328.8,0,750.436363636364,4521.61818181818,12815.4181818182,10608.1090909091,7569.36363636364,3727.18181818182,742.436363636364,745.436363636364,13564.8545454545,12032.9818181818,7577.36363636364,6814.92727272727
