"","G.AC_no","G.AC_yes","G.Cooking_no","G.Cooking_yes","G.Lighting_no","G.Lighting_yes","G.Refrigeration_no","G.Refrigeration_yes","G.TV_no","G.TV_yes","G.Size_1","G.Size_2","G.Size_3","G.Size_4","G.Size_5","G.Size_6","G.Size_7","G.Size_8","G.Size_9","G.Size_10","G.sex_male","G.sex_female","G.age_0_18","G.age_19_25","G.age_26_35","G.age_36_45","G.age_46_55","G.age_56_65","G.age_66_75","G.age_76_85","G.age_86_100","G.Education_Elementary_School","G.Education_High_School","G.Education_Post_Secondary","G.Education_College"
"1",35049.6,3877.4,38409,519,3227,35701,25777,13151,10938,27990,713.436363636364,3540.18181818182,4214.61818181818,7805.8,7765.8,2864.74545454545,4981.05454545455,3533.18181818182,1401.87272727273,2107.30909090909,31140.2,7787.8,0,716.436363636364,4241.61818181818,11953.4181818182,10005.1090909091,7057.36363636364,3549.18181818182,688.436363636364,716.436363636364,12761.8545454545,11302.9818181818,7063.36363636364,6398.92727272727
