"","G.AC_no","G.AC_yes","G.Cooking_no","G.Cooking_yes","G.Lighting_no","G.Lighting_yes","G.Refrigeration_no","G.Refrigeration_yes","G.TV_no","G.TV_yes","G.Size_1","G.Size_2","G.Size_3","G.Size_4","G.Size_5","G.Size_6","G.Size_7","G.Size_8","G.Size_9","G.Size_10","G.sex_male","G.sex_female","G.age_0_18","G.age_19_25","G.age_26_35","G.age_36_45","G.age_46_55","G.age_56_65","G.age_66_75","G.age_76_85","G.age_86_100","G.Education_Elementary_School","G.Education_High_School","G.Education_Post_Secondary","G.Education_College"
"1",37931.6,4211.4,41563,581,3411,38733,27802,14342,11853,30291,750.436363636364,3841.18181818182,4577.61818181818,8471.8,8414.8,3058.74545454545,5361.05454545455,3844.18181818182,1536.87272727273,2287.30909090909,33705.2,8438.8,0,744.436363636364,4611.61818181818,13104.4181818182,10713.1090909091,7603.36363636364,3842.18181818182,735.436363636364,789.436363636364,13836.8545454545,12242.9818181818,7671.36363636364,6856.92727272727
