"","G.AC_no","G.AC_yes","G.Cooking_no","G.Cooking_yes","G.Lighting_no","G.Lighting_yes","G.Refrigeration_no","G.Refrigeration_yes","G.TV_no","G.TV_yes","G.Size_1","G.Size_2","G.Size_3","G.Size_4","G.Size_5","G.Size_6","G.Size_7","G.Size_8","G.Size_9","G.Size_10","G.sex_male","G.sex_female","G.age_0_18","G.age_19_25","G.age_26_35","G.age_36_45","G.age_46_55","G.age_56_65","G.age_66_75","G.age_76_85","G.age_86_100","G.Education_Elementary_School","G.Education_High_School","G.Education_Post_Secondary","G.Education_College"
"1",39159.6,4342.4,42905,598,3545,39958,28776,14727,12151,31352,791.436363636364,3980.18181818182,4766.61818181818,8683.8,8667.8,3190.74545454545,5536.05454545455,3922.18181818182,1578.87272727273,2385.30909090909,34802.2,8700.8,0,832.436363636364,4714.61818181818,13465.4181818182,11052.1090909091,7944.36363636364,3893.18181818182,799.436363636364,801.436363636364,14224.8545454545,12664.9818181818,7939.36363636364,7085.92727272727
