"","G.AC_no","G.AC_yes","G.Cooking_no","G.Cooking_yes","G.Lighting_no","G.Lighting_yes","G.Refrigeration_no","G.Refrigeration_yes","G.TV_no","G.TV_yes","G.Size_1","G.Size_2","G.Size_3","G.Size_4","G.Size_5","G.Size_6","G.Size_7","G.Size_8","G.Size_9","G.Size_10","G.sex_male","G.sex_female","G.age_0_18","G.age_19_25","G.age_26_35","G.age_36_45","G.age_46_55","G.age_56_65","G.age_66_75","G.age_76_85","G.age_86_100","G.Education_Elementary_School","G.Education_High_School","G.Education_Post_Secondary","G.Education_College"
"1",38544.6,4272.4,42240,578,3461,39357,28217,14601,12013,30805,791.436363636364,3904.18181818182,4692.61818181818,8590.8,8522.8,3115.74545454545,5478.05454545455,3863.18181818182,1552.87272727273,2306.30909090909,34309.2,8508.8,0,792.436363636364,4687.61818181818,13223.4181818182,10913.1090909091,7806.36363636364,3855.18181818182,758.436363636364,781.436363636364,13978.8545454545,12441.9818181818,7788.36363636364,7061.92727272727
