"","G.AC_no","G.AC_yes","G.Cooking_no","G.Cooking_yes","G.Lighting_no","G.Lighting_yes","G.Refrigeration_no","G.Refrigeration_yes","G.TV_no","G.TV_yes","G.Size_1","G.Size_2","G.Size_3","G.Size_4","G.Size_5","G.Size_6","G.Size_7","G.Size_8","G.Size_9","G.Size_10","G.sex_male","G.sex_female","G.age_0_18","G.age_19_25","G.age_26_35","G.age_36_45","G.age_46_55","G.age_56_65","G.age_66_75","G.age_76_85","G.age_86_100","G.Education_Elementary_School","G.Education_High_School","G.Education_Post_Secondary","G.Education_College"
"1",36183.6,3999.4,39661,523,3255,36929,26519,13665,11254,28930,741.436363636364,3592.18181818182,4398.61818181818,8058.8,8000.8,2950.74545454545,5144.05454545455,3639.18181818182,1472.87272727273,2185.30909090909,32201.2,7982.8,0,737.436363636364,4358.61818181818,12379.4181818182,10306.1090909091,7250.36363636364,3675.18181818182,737.436363636364,739.436363636364,13138.8545454545,11716.9818181818,7266.36363636364,6582.92727272727
