,AC_no,AC_yes,Cooking_no,Cooking_yes,Lighting_no,Lighting_yes,Refrigeration_no,Refrigeration_yes,TV_no,TV_yes,Size_1,Size_2,Size_3,Size_4,Size_5,Size_6,Size_7,Size_8,Size_9,Size_10,sex_male,sex_female,Urbanity_Rural,Urbanity_Urban,age_0_18,age_19_25,age_26_35,age_36_45,age_46_55,age_56_65,age_66_75,age_76_85,age_86_100,Education_Elementary_School,Education_High_School,Education_Post_Secondary,Education_College,Education_Post_Graduate,Income,Electricity,Water
2010,29424.600000000002,3269.4,32255,439,2677,30017,21582,11112,9153,23541,594.4363636363636,2972.1818181818185,3566.6181818181817,6538.8,6538.8,2377.7454545454543,4161.054545454545,2972.1818181818185,1188.8727272727272,1783.3090909090909,26155.2,6538.8,17231.447468158614,15462.552531841386,0.0,594.4363636363636,3566.6181818181817,10105.418181818182,8322.10909090909,5944.363636363637,2972.1818181818185,594.4363636363636,594.4363636363636,10699.854545454546,9510.981818181817,5944.363636363637,5349.927272727273,1188.8727272727272,6849185541.709091,2771759.2592592593,4871535.51
