,co_mu,co_sd,p,mu,sd,dis,ub,lb
i_Intercept,,,1147.6639922287982,,,Deterministic,,
i_Sex,919.012059036333,161.50344091572538,0.1937183811129848,,,Bernoulli,,
i_Urbanity,7105.2244566329355,127.94148635675795,0.40300529992772827,,,Bernoulli,,
i_FamilySize,1666.846395220964,29.03482607534048,,,,Poisson,10.0,1.0
i_Age,116.57589770606201,4.681393204635,,,,Normal,100.0,18.0
i_Education,"1.0,6023.86254599,11959.091528,18727.4606703,16788.0394185","1e-10,140.904404522,217.208790314,282.176145543,742.04753769",,,,Categorical,,
