"","G.BuildingSqm","G.BuildingKwh"
"1",77687.2997877342,11249.0718963273
