"","G.BuildingSqm","G.BuildingKwh"
"1",98638.177901332,14308.8194521283
