"","G.BuildingSqm","G.BuildingKwh"
"1",72450.4214668672,10529.1312949623
