"","G.BuildingSqm","G.BuildingKwh"
"1",80801.9105892104,11699.0347721803
