"","G.BuildingSqm","G.BuildingKwh"
"1",71001.7615908338,10349.1461446211
