"","G.BuildingSqm","G.BuildingKwh"
"1",84680.8585375481,12328.9827983747
