"","G.BuildingSqm","G.BuildingKwh"
"1",73262.8650135676,10619.1238701329
