"","G.BuildingSqm","G.BuildingKwh"
"1",89480.8622655968,12958.930824569
