"","G.AC_no","G.AC_yes","G.Cooking_no","G.Cooking_yes","G.Lighting_no","G.Lighting_yes","G.Refrigeration_no","G.Refrigeration_yes","G.TV_no","G.TV_yes","G.Size_1","G.Size_2","G.Size_3","G.Size_4","G.Size_5","G.Size_6","G.Size_7","G.Size_8","G.Size_9","G.Size_10","G.sex_male","G.sex_female","G.age_0_18","G.age_19_25","G.age_26_35","G.age_36_45","G.age_46_55","G.age_56_65","G.age_66_75","G.age_76_85","G.age_86_100","G.Education_Elementary_School","G.Education_High_School","G.Education_Post_Secondary","G.Education_College"
"1",33901.6,3809.4,37220,492,3089,34623,24907,12805,10585,27127,669.436363636364,3453.18181818182,4118.61818181818,7573.8,7525.8,2719.74545454545,4788.05454545455,3432.18181818182,1372.87272727273,2058.30909090909,30122.2,7589.8,0,691.436363636364,4112.61818181818,11679.4181818182,9611.10909090909,6855.36363636364,3389.18181818182,684.436363636364,688.436363636364,12294.8545454545,10964.9818181818,6876.36363636364,6191.92727272727
