"","G.AC_no","G.AC_yes","G.Cooking_no","G.Cooking_yes","G.Lighting_no","G.Lighting_yes","G.Refrigeration_no","G.Refrigeration_yes","G.TV_no","G.TV_yes","G.Size_1","G.Size_2","G.Size_3","G.Size_4","G.Size_5","G.Size_6","G.Size_7","G.Size_8","G.Size_9","G.Size_10","G.sex_male","G.sex_female","G.age_0_18","G.age_19_25","G.age_26_35","G.age_36_45","G.age_46_55","G.age_56_65","G.age_66_75","G.age_76_85","G.age_86_100","G.Education_Elementary_School","G.Education_High_School","G.Education_Post_Secondary","G.Education_College"
"1",31888.6,3503.4,34922,471,2895,32498,23376,12017,9896,25497,642.436363636364,3215.18181818182,3869.61818181818,7097.8,7051.8,2570.74545454545,4524.05454545455,3211.18181818182,1288.87272727273,1921.30909090909,28327.2,7065.8,0,641.436363636364,3868.61818181818,10975.4181818182,8985.10909090909,6419.36363636364,3223.18181818182,642.436363636364,637.436363636364,11594.8545454545,10318.9818181818,6408.36363636364,5781.92727272727
