"","G.AC_no","G.AC_yes","G.Cooking_no","G.Cooking_yes","G.Lighting_no","G.Lighting_yes","G.Refrigeration_no","G.Refrigeration_yes","G.TV_no","G.TV_yes","G.Size_1","G.Size_2","G.Size_3","G.Size_4","G.Size_5","G.Size_6","G.Size_7","G.Size_8","G.Size_9","G.Size_10","G.sex_male","G.sex_female","G.age_0_18","G.age_19_25","G.age_26_35","G.age_36_45","G.age_46_55","G.age_56_65","G.age_66_75","G.age_76_85","G.age_86_100","G.Education_Elementary_School","G.Education_High_School","G.Education_Post_Secondary","G.Education_College"
"1",34489.6,3824.4,37804,511,3144,35171,25331,12984,10712,27603,712.436363636364,3472.18181818182,4209.61818181818,7670.8,7693.8,2794.74545454545,4855.05454545455,3461.18181818182,1373.87272727273,2071.30909090909,30619.2,7695.8,0,684.436363636364,4162.61818181818,11843.4181818182,9734.10909090909,7007.36363636364,3481.18181818182,695.436363636364,706.436363636364,12602.8545454545,11107.9818181818,6913.36363636364,6306.92727272727
