"","G.HHSize_1","G.HHSize_2","G.HHSize_3","G.HHSize_4","G.HHSize_5","G.HHSize_6","G.HHSize_7","G.HHSize_8","G.ConstructionYear_1900","G.ConstructionYear_1918","G.ConstructionYear_1945","G.ConstructionYear_1961","G.ConstructionYear_1970","G.ConstructionYear_1981","G.ConstructionYear_1991","G.ConstructionYear_2001","G.ConstructionYear_2011","G.ConstructionYear_2016","G.ConstructionYear_2020","G.ConstructionYear_2030","G.ConstructionYear_2035","G.sqm","G.ConstructionType_appt","G.ConstructionType_hous","G.Age_24","G.Age_29","G.Age_39","G.Age_54","G.Age_64","G.Age_79","G.Age_120","G.Income"
"1",261506.493872545,259431.886071245,212298.416639614,230374.916746134,142605.923638894,70243.8527316961,28419.4271879752,17410.922728826,10825,16078,23159,15367,5392,3039,2184,3310,3170,750.721441611475,19913.3833077012,63079,34351,1234622.31870712,419.825989909405,2251.17409529511,52353.3162494839,127374.251456063,284853.341166747,337143.257495548,177332.160195077,176572.045036153,81663.5762687772,16887118920.9386
