"","G.HHSize_1","G.HHSize_2","G.HHSize_3","G.HHSize_4","G.HHSize_5","G.HHSize_6","G.HHSize_7","G.HHSize_8","G.ConstructionYear_1900","G.ConstructionYear_1918","G.ConstructionYear_1945","G.ConstructionYear_1961","G.ConstructionYear_1970","G.ConstructionYear_1981","G.ConstructionYear_1991","G.ConstructionYear_2001","G.ConstructionYear_2011","G.ConstructionYear_2016","G.ConstructionYear_2020","G.ConstructionYear_2030","G.ConstructionYear_2035","G.sqm","G.ConstructionType_appt","G.ConstructionType_hous","G.Age_24","G.Age_29","G.Age_39","G.Age_54","G.Age_64","G.Age_79","G.Age_120","G.Income"
"1",257486.075925811,255443.363280586,209034.526891862,226833.117703029,140413.490838399,69163.9191438599,27982.5050549511,17143.2460636252,31073,47969,59832,43204,16199,7723,5610,5115,4352,739.179801049678,19607.6090797362,26984,0,1216592.56199515,377.574117911659,1300.78387513803,51570.5106522385,125463.156538372,280587.105394829,332388.594681098,174750.20953683,173227.844677342,80282.5491360385,16627495249.7518
