"","G.HHSize_1","G.HHSize_2","G.HHSize_3","G.HHSize_4","G.HHSize_5","G.HHSize_6","G.HHSize_7","G.HHSize_8","G.ConstructionYear_1900","G.ConstructionYear_1918","G.ConstructionYear_1945","G.ConstructionYear_1961","G.ConstructionYear_1970","G.ConstructionYear_1981","G.ConstructionYear_1991","G.ConstructionYear_2001","G.ConstructionYear_2011","G.ConstructionYear_2016","G.ConstructionYear_2020","G.ConstructionYear_2030","G.ConstructionYear_2035","G.sqm","G.ConstructionType_appt","G.ConstructionType_hous","G.Age_24","G.Age_29","G.Age_39","G.Age_54","G.Age_64","G.Age_79","G.Age_120","G.Income"
"1",260615.075925811,258520.363280586,211609.526891862,229647.117703029,142160.490838399,70030.9191438599,28336.5050549511,17350.2460636252,140987,217644,271589,196325,73580,34890,25370,22897,19827,3412.17980104968,89319.6090797362,122429,0,88939238.5619951,212446.574117912,1005823.78387514,51282.5106522385,125163.156538372,280382.105394829,332127.594681098,174900.20953683,173819.844677342,80594.5491360385,16627495249.7518
