"","G.HHSize_1","G.HHSize_2","G.HHSize_3","G.HHSize_4","G.HHSize_5","G.HHSize_6","G.HHSize_7","G.HHSize_8","G.ConstructionYear_1900","G.ConstructionYear_1945","G.ConstructionYear_1961","G.ConstructionYear_1970","G.ConstructionYear_1981","G.ConstructionYear_1991","G.ConstructionYear_2001","G.ConstructionYear_2011","G.ConstructionYear_2016","G.ConstructionYear_2020","G.ConstructionYear_2030","G.ConstructionYear_2035","G.sqm","G.ConstructionType_appt","G.ConstructionType_hous","G.Age_24","G.Age_29","G.Age_39","G.Age_54","G.Age_64","G.Age_79","G.Age_120","G.Income"
"1",265821.631823156,263532.899234779,215678.840984438,234217.134093071,144925.411255081,71348.9487505916,28926.7261981329,17686.1091300801,46873,107456,71502,25015,15206,10835,19675,19635,4624.66149219036,123242.123993424,390937,337422,90681697.6785905,216289.484492096,1025848.56348174,52683.9985331536,127849.892563889,286054.468303262,338950.244155902,177853.675346785,176914.585921531,81831.1482043699,16953253949.2023
