"","G.HHSize_1","G.HHSize_2","G.HHSize_3","G.HHSize_4","G.HHSize_5","G.HHSize_6","G.HHSize_7","G.HHSize_8","G.ConstructionYear_1900","G.ConstructionYear_1918","G.ConstructionYear_1945","G.ConstructionYear_1961","G.ConstructionYear_1970","G.ConstructionYear_1981","G.ConstructionYear_1991","G.ConstructionYear_2001","G.ConstructionYear_2011","G.ConstructionYear_2016","G.ConstructionYear_2020","G.ConstructionYear_2030","G.sqm","G.ConstructionType_appt","G.ConstructionType_hous","G.Age_24","G.Age_29","G.Age_39","G.Age_54","G.Age_64","G.Age_79","G.Age_120","G.Income"
"1",257891.444482815,255938.228139449,209347.770945054,227239.059894831,140620.862161087,69225.0788932397,28023.0336926529,17163.8406634419,172669,259496,311549,212461,75376,35355,25482,23200,19542,3781.40110923595,66538.658801523,0,88003294.5251877,210237.070118395,995212.900984345,50819.6898139399,124284.18131892,277436.505698219,329717.05944179,172366.489198144,171486.347789383,79338.9606920252,16452517306.6339
