"","G.HHSize_1","G.HHSize_2","G.HHSize_3","G.HHSize_4","G.HHSize_5","G.HHSize_6","G.HHSize_7","G.HHSize_8","G.ConstructionYear_1900","G.ConstructionYear_1918","G.ConstructionYear_1945","G.ConstructionYear_1961","G.ConstructionYear_1970","G.ConstructionYear_1981","G.ConstructionYear_1991","G.ConstructionYear_2001","G.ConstructionYear_2011","G.ConstructionYear_2016","G.ConstructionYear_2020","G.ConstructionYear_2030","G.ConstructionYear_2035","G.sqm","G.ConstructionType_appt","G.ConstructionType_hous","G.Age_24","G.Age_29","G.Age_39","G.Age_54","G.Age_64","G.Age_79","G.Age_120","G.Income"
"1",262669.833565933,260612.089657,213281.035473723,231436.310103659,143220.459686104,70571.7194390922,28554.1125062521,17485.7867192121,112003,169293,220423,154586,56973,28859,20615,22420,19645,3794.9809039832,101104.058457835,318115,0,89637236.0951999,213723.138542737,1014107.79132552,51845.7341819514,127118.208809344,282983.694809735,334170.730473987,175296.971184131,175001.710839893,81414.3457989231,16757988279.098
