"","G.HHSize_1","G.HHSize_2","G.HHSize_3","G.HHSize_4","G.HHSize_5","G.HHSize_6","G.HHSize_7","G.HHSize_8","G.ConstructionYear_1900","G.ConstructionYear_1918","G.ConstructionYear_1945","G.ConstructionYear_1961","G.ConstructionYear_1970","G.ConstructionYear_1981","G.ConstructionYear_1991","G.ConstructionYear_2001","G.ConstructionYear_2011","G.ConstructionYear_2016","G.ConstructionYear_2020","G.ConstructionYear_2030","G.ConstructionYear_2035","G.sqm","G.ConstructionType_appt","G.ConstructionType_hous","G.Age_24","G.Age_29","G.Age_39","G.Age_54","G.Age_64","G.Age_79","G.Age_120","G.Income"
"1",260484.649110359,258418.147903599,211468.853970438,229474.7195903,142048.686554762,69969.3726913471,28308.377391902,17342.889006482,15403,22879,30758,20410,7162,3784,2720,3471,3189,747.787974217945,19836.3952880907,62833,6641,1229890.05770391,406.480202684783,2162.26565238961,51955.8123856164,127426.04617696,283261.186101742,335967.423962512,176997.250764713,175316.105451459,81533.2832672096,16821131978.2733
