"","G.HHSize_1","G.HHSize_2","G.HHSize_3","G.HHSize_4","G.HHSize_5","G.HHSize_6","G.HHSize_7","G.HHSize_8","G.ConstructionYear_1900","G.ConstructionYear_1918","G.ConstructionYear_1945","G.ConstructionYear_1961","G.ConstructionYear_1970","G.ConstructionYear_1981","G.ConstructionYear_1991","G.ConstructionYear_2001","G.ConstructionYear_2011","G.ConstructionYear_2016","G.ConstructionYear_2020","G.ConstructionYear_2030","G.ConstructionYear_2035","G.sqm","G.ConstructionType_appt","G.ConstructionType_hous","G.Age_24","G.Age_29","G.Age_39","G.Age_54","G.Age_64","G.Age_79","G.Age_120","G.Income"
"1",259506.833565933,257448.089657,210675.035473723,228613.310103659,141515.459686104,69706.7194390922,28202.1125062521,17277.7867192121,21922,33266,43198,30374,11138,5612,4057,4377,3873,744.980903983202,19761.058457835,62597,0,1225141.0951999,319.138542737346,2371.79132551586,52071.7341819514,126877.208809344,282445.694809735,335028.730473987,175930.971184131,174250.710839893,81226.3457989231,16757988279.098
