"","G.HHSize_1","G.HHSize_2","G.HHSize_3","G.HHSize_4","G.HHSize_5","G.HHSize_6","G.HHSize_7","G.HHSize_8","G.ConstructionYear_1900","G.ConstructionYear_1918","G.ConstructionYear_1945","G.ConstructionYear_1961","G.ConstructionYear_1970","G.ConstructionYear_1981","G.ConstructionYear_1991","G.ConstructionYear_2001","G.ConstructionYear_2011","G.ConstructionYear_2016","G.ConstructionYear_2020","G.ConstructionYear_2030","G.ConstructionYear_2035","G.sqm","G.ConstructionType_appt","G.ConstructionType_hous","G.Age_24","G.Age_29","G.Age_39","G.Age_54","G.Age_64","G.Age_79","G.Age_120","G.Income"
"1",259333.093567158,257246.630597346,210574.658831239,228496.942035173,141388.941078076,69672.8768307256,28181.0978397186,17263.2267656705,166781,253519,307329,211252,75544,35585,25616,23212,19533,3465.4708344215,90321.1569921047,0,0,88492970.052908,211596.390508122,1000560.42028283,51150.9889356699,125189.610635664,278495.440305907,330734.922749966,173787.946132281,172218.071872098,80580.3977063185,16544063823.5901
