"","G.HHSize_1","G.HHSize_2","G.HHSize_3","G.HHSize_4","G.HHSize_5","G.HHSize_6","G.HHSize_7","G.HHSize_8","G.ConstructionYear_1900","G.ConstructionYear_1918","G.ConstructionYear_1945","G.ConstructionYear_1961","G.ConstructionYear_1970","G.ConstructionYear_1981","G.ConstructionYear_1991","G.ConstructionYear_2001","G.ConstructionYear_2011","G.ConstructionYear_2016","G.ConstructionYear_2020","G.ConstructionYear_2030","G.ConstructionYear_2035","G.sqm","G.ConstructionType_appt","G.ConstructionType_hous","G.Age_24","G.Age_29","G.Age_39","G.Age_54","G.Age_64","G.Age_79","G.Age_120","G.Income"
"1",252874.932640793,250868.801549206,205291.069496938,222770.917431596,137898.920980292,67925.3094824287,27481.3853737483,16836.2393111806,32232,48277,57248,38536,13654,6362,4580,4148,3514,725.942331940813,6688.34806126027,0,0,1192990.13375169,849.766871611711,2613.90259822053,50903.7441139422,123527.792141559,274618.46400185,326503.886269453,171510.22506067,170367.749262389,79020.6685984438,16329724728.4066
