"","G.HHSize_1","G.HHSize_2","G.HHSize_3","G.HHSize_4","G.HHSize_5","G.HHSize_6","G.HHSize_7","G.HHSize_8","G.ConstructionYear_1900","G.ConstructionYear_1918","G.ConstructionYear_1945","G.ConstructionYear_1961","G.ConstructionYear_1970","G.ConstructionYear_1981","G.ConstructionYear_1991","G.ConstructionYear_2001","G.ConstructionYear_2011","G.ConstructionYear_2016","G.ConstructionYear_2020","G.ConstructionYear_2030","G.ConstructionYear_2035","G.sqm","G.ConstructionType_appt","G.ConstructionType_hous","G.Age_24","G.Age_29","G.Age_39","G.Age_54","G.Age_64","G.Age_79","G.Age_120","G.Income"
"1",254776.444482815,252755.228139449,206834.770945054,224446.059894831,138935.862161087,68436.0788932397,27688.0336926529,16962.8406634419,34129,51484,61694,42022,15005,7010,5052,4580,3882,731.401109235954,13202.658801523,0,0,1202801.52518767,731.070118395037,1917.90098434547,51266.6898139399,124037.18131892,276978.505698219,328823.05944179,172465.489198144,172078.347789383,79799.9606920252,16452517306.6339
