"","G.HHSize_1","G.HHSize_2","G.HHSize_3","G.HHSize_4","G.HHSize_5","G.HHSize_6","G.HHSize_7","G.HHSize_8","G.ConstructionYear_1900","G.ConstructionYear_1918","G.ConstructionYear_1945","G.ConstructionYear_1961","G.ConstructionYear_1970","G.ConstructionYear_1981","G.ConstructionYear_1991","G.ConstructionYear_2001","G.ConstructionYear_2011","G.ConstructionYear_2016","G.ConstructionYear_2020","G.ConstructionYear_2030","G.ConstructionYear_2035","G.sqm","G.ConstructionType_appt","G.ConstructionType_hous","G.Age_24","G.Age_29","G.Age_39","G.Age_54","G.Age_64","G.Age_79","G.Age_120","G.Income"
"1",258629.459674523,256577.676230291,209962.758370432,227840.384987362,141037.006121497,69471.0460471767,28106.7631975052,17219.3717682049,31211,49550,64452,48924,18994,9173,6698,6130,5230,742.462177266944,19693.4884032951,62387,0,1220972.06364731,310.493798141004,2398.18232583979,51717.4707656235,126108.46073981,281715.780249882,333503.543962004,175047.222198365,174394.653198277,81192.6256409344,16701330729.1345
