"","G.HHSize_1","G.HHSize_2","G.HHSize_3","G.HHSize_4","G.HHSize_5","G.HHSize_6","G.HHSize_7","G.HHSize_8","G.ConstructionYear_1900","G.ConstructionYear_1918","G.ConstructionYear_1945","G.ConstructionYear_1961","G.ConstructionYear_1970","G.ConstructionYear_1981","G.ConstructionYear_1991","G.ConstructionYear_2001","G.ConstructionYear_2011","G.ConstructionYear_2016","G.ConstructionYear_2020","G.ConstructionYear_2030","G.ConstructionYear_2035","G.sqm","G.ConstructionType_appt","G.ConstructionType_hous","G.Age_24","G.Age_29","G.Age_39","G.Age_54","G.Age_64","G.Age_79","G.Age_120","G.Income"
"1",255894.932640793,253953.801549206,207821.069496938,225570.917431596,139588.920980292,68750.3094824287,27808.3853737483,17064.2393111806,178861,267606,317215,213051,75553,35449,25145,23238,19209,3965.94233194081,37160.3480612603,0,0,87346486.1337517,207896.766871612,988555.902598221,50818.7441139422,123253.792141559,275668.46400185,326018.886269453,171392.22506067,170219.749262389,79080.6685984438,16329724728.4066
