"","G.HHSize_1","G.HHSize_2","G.HHSize_3","G.HHSize_4","G.HHSize_5","G.HHSize_6","G.HHSize_7","G.HHSize_8","G.ConstructionYear_1900","G.ConstructionYear_1918","G.ConstructionYear_1945","G.ConstructionYear_1961","G.ConstructionYear_1970","G.ConstructionYear_1981","G.ConstructionYear_1991","G.ConstructionYear_2001","G.ConstructionYear_2011","G.ConstructionYear_2016","G.ConstructionYear_2020","G.ConstructionYear_2030","G.ConstructionYear_2035","G.sqm","G.ConstructionType_appt","G.ConstructionType_hous","G.Age_24","G.Age_29","G.Age_39","G.Age_54","G.Age_64","G.Age_79","G.Age_120","G.Income"
"1",264751.493872545,262544.886071245,214934.416639614,233152.916746134,144358.923638894,71122.8527316961,28798.4271879752,17627.922728826,66753,99099,142765,94334,33234,18689,13647,20622,19417,4531.72144161147,123300.383307701,388848,212052,90327946.3187071,216092.825989909,1021199.1740953,52243.3162494839,128038.251456063,284525.341166747,337281.257495548,177044.160195077,176296.045036153,81863.5762687772,16887118920.9386
