"","G.HHSize_1","G.HHSize_2","G.HHSize_3","G.HHSize_4","G.HHSize_5","G.HHSize_6","G.HHSize_7","G.HHSize_8","G.ConstructionYear_1900","G.ConstructionYear_1918","G.ConstructionYear_1945","G.ConstructionYear_1961","G.ConstructionYear_1970","G.ConstructionYear_1981","G.ConstructionYear_1991","G.ConstructionYear_2001","G.ConstructionYear_2011","G.ConstructionYear_2016","G.ConstructionYear_2020","G.ConstructionYear_2030","G.ConstructionYear_2035","G.sqm","G.ConstructionType_appt","G.ConstructionType_hous","G.Age_24","G.Age_29","G.Age_39","G.Age_54","G.Age_64","G.Age_79","G.Age_120","G.Income"
"1",261919.459674523,259699.676230291,212530.758370432,230585.384987362,142721.006121497,70314.0460471767,28449.7631975052,17459.3717682049,118303,188020,244266,184535,71765,35056,25360,23142,19765,2805.46217726694,74326.4884032951,236336,0,89334179.0636473,213457.493798141,1010222.18232584,51553.4707656235,126148.46073981,281265.780249882,334292.543962004,175477.222198365,173912.653198277,81029.6256409344,16701330729.1345
