"","G.HHSize_1","G.HHSize_2","G.HHSize_3","G.HHSize_4","G.HHSize_5","G.HHSize_6","G.HHSize_7","G.HHSize_8","G.ConstructionYear_1900","G.ConstructionYear_1918","G.ConstructionYear_1945","G.ConstructionYear_1961","G.ConstructionYear_1970","G.ConstructionYear_1981","G.ConstructionYear_1991","G.ConstructionYear_2001","G.ConstructionYear_2011","G.ConstructionYear_2016","G.ConstructionYear_2020","G.ConstructionYear_2030","G.ConstructionYear_2035","G.sqm","G.ConstructionType_appt","G.ConstructionType_hous","G.Age_24","G.Age_29","G.Age_39","G.Age_54","G.Age_64","G.Age_79","G.Age_120","G.Income"
"1",262530.631823156,260447.899234779,213129.840984438,231277.134093071,143164.411255081,70518.9487505916,28530.7261981329,17479.1091300801,7607,11299,17437,11571,4060,2441,1754,3157,3150,753.661492190359,19993.123993424,63326,54855,1239004.67859052,287.484492096366,2846.56348174394,52423.9985331536,128040.892563889,285616.468303262,339240.244155902,178218.675346785,176378.585921531,82219.1482043699,16953253949.2023
