"","G.HHSize_1","G.HHSize_2","G.HHSize_3","G.HHSize_4","G.HHSize_5","G.HHSize_6","G.HHSize_7","G.HHSize_8","G.ConstructionYear_1900","G.ConstructionYear_1918","G.ConstructionYear_1945","G.ConstructionYear_1961","G.ConstructionYear_1970","G.ConstructionYear_1981","G.ConstructionYear_1991","G.ConstructionYear_2001","G.ConstructionYear_2011","G.ConstructionYear_2016","G.ConstructionYear_2020","G.ConstructionYear_2030","G.ConstructionYear_2035","G.sqm","G.ConstructionType_appt","G.ConstructionType_hous","G.Age_24","G.Age_29","G.Age_39","G.Age_54","G.Age_64","G.Age_79","G.Age_120","G.Income"
"1",263651.649110359,261685.147903599,214057.853970438,232286.7195903,143734.686554762,70826.3726913471,28656.377391902,17558.889006482,95022,140745,189652,125773,44308,23448,16702,21560,19539,4486.78797421794,122532.395288091,387733,40956,89974987.0577039,214892.480202685,1017565.26565239,52174.8123856164,127109.04617696,283526.186101742,336125.423962512,177067.250764713,175425.105451459,81029.2832672096,16821131978.2733
