"","G.HHSize_1","G.HHSize_2","G.HHSize_3","G.HHSize_4","G.HHSize_5","G.HHSize_6","G.HHSize_7","G.HHSize_8","G.ConstructionYear_1900","G.ConstructionYear_1918","G.ConstructionYear_1945","G.ConstructionYear_1961","G.ConstructionYear_1970","G.ConstructionYear_1981","G.ConstructionYear_1991","G.ConstructionYear_2001","G.ConstructionYear_2011","G.ConstructionYear_2016","G.ConstructionYear_2020","G.ConstructionYear_2030","G.ConstructionYear_2035","G.sqm","G.ConstructionType_appt","G.ConstructionType_hous","G.Age_24","G.Age_29","G.Age_39","G.Age_54","G.Age_64","G.Age_79","G.Age_120","G.Income"
"1",256194.093567158,254161.630597346,207985.658831239,225694.942035173,139708.941078076,68816.8768307256,27842.0978397186,17057.2267656705,35911,54507,65901,45333,16291,7627,5502,4992,4234,735.470834421502,19508.1569921047,0,0,1209651.05290803,495.390508121825,2011.42028282885,51200.9889356699,125125.610635664,278558.440305907,330770.922749966,173959.946132281,172670.071872098,79871.3977063185,16544063823.5901
