{"elec": 0.42539321427800225, "heat": 0.5231217080009858, "cool": 0.9324188214996325}