{"Water": 0.4680823564690085, "Electricity": 0.033774736498192445}