{"Water": 0.4829667766950252, "Electricity": 0.033970460230505664}