,area,HHSize_1,HHSize_2,HHSize_3,HHSize_4,HHSize_5,HHSize_6,HHSize_7,HHSize_8,ConstructionYear_1900,ConstructionYear_1918,ConstructionYear_1945,ConstructionYear_1961,ConstructionYear_1970,ConstructionYear_1981,ConstructionYear_1991,ConstructionYear_2001,ConstructionYear_2011,ConstructionYear_2016,ConstructionYear_2020,ConstructionYear_2030,ConstructionYear_2035,sqm,ConstructionType_appt,ConstructionType_hous,Age_24,Age_29,Age_39,Age_54,Age_64,Age_79,Age_120,pop,Income,CDD,HDD
2025,2025,262530.631823156,260447.8992347793,213129.84098443785,231277.13409307125,143164.41125508145,70518.94875059162,28530.72619813294,17479.10913008013,7607.0,11299.0,17437.0,11571.0,4060.0,2441.0,1754.0,3157.0,3150.0,753.6614921903586,19993.123993424,63326.0,54855.0,90681697.67859052,35800.484492096366,169542.56348174394,20425.998533153634,49894.89256388867,111285.46830326183,132013.24415590244,69344.67534678467,68838.58592153099,31933.148204369918,1242138.38,16953253949.202337,833.3,3006.5
