,BuildingSqm,pop,heat,cool,elec
2016,31261674.86601046,63048.0,3742080000,1681230000,3181690000
2017,31388897.859760884,63305.0,,,
2018,31624929.009092398,63781.0,,,
2019,31800899.16890515,64136.0,,,
2020,31961270.5503974,64459.0,,,
2021,32103196.661174882,64746.0,,,
2022,32212103.460179023,64965.0,,,
2023,32333477.89587,65210.0,,,
2024,32460317.59695794,65466.0,,,
2025,32587441.947285302,65722.0,,,
