,co_mu,co_sd,p,dis,lb,ub
BuildingSqm,"3600.0,525.0,11100.0,12000.0,4650.0,105.0,105.0,39.0,105.0,105.0,105.0,36.0","36.0,5.25,111.0,120.0,46.5,1.05,1.05,0.39,1.05,1.05,1.05,0.36","0.00383471907281,0.00152179390275,0.000130511463845,0.0040811287478,6.55076845553e-05,2.01562106324e-05,4.7871000252e-05,0.000182413706223,2.26757369615e-05,3.93046107332e-05,9.07029478458e-06,4.48475686571e-05",Deterministic;h;Categorical,0,inf
BuildingHeat,"114.646120414,820.44,79.1610810811,55.2916666667,101.099569892,183.492970522,33.1607017544,483.129187125,39.5974937343,27.5367965368,31.9466666667,82.1703703704","1.14646120414,8.2044,0.791610810811,0.552916666667,1.01099569892,1.83492970522,0.331607017544,4.83129187125,0.395974937343,0.275367965368,0.319466666667,0.821703703704","0.00383471907281,0.00152179390275,0.000130511463845,0.0040811287478,6.55076845553e-05,2.01562106324e-05,4.7871000252e-05,0.000182413706223,2.26757369615e-05,3.93046107332e-05,9.07029478458e-06,4.48475686571e-05",Deterministic;BuildingSqm;Categorical,0,inf
