,co_mu,co_sd,p,dis,lb,ub
BuildingSqm,"3600.0,525.0,11100.0,12000.0,4650.0,105.0,105.0,39.0,105.0,105.0,105.0,36.0","36.0,5.25,111.0,120.0,46.5,1.05,1.05,0.39,1.05,1.05,1.05,0.36","0.00383471907281,0.00152179390275,0.000130511463845,0.0040811287478,6.55076845553e-05,2.01562106324e-05,4.7871000252e-05,0.000182413706223,2.26757369615e-05,3.93046107332e-05,9.07029478458e-06,4.48475686571e-05",Deterministic;e;Categorical,0,inf
BuildingElec,"85.4536528106,298.847619048,74.8371171171,92.7291666667,41.3301075269,198.687800454,228.669573935,255.62913257,172.696441103,230.904415584,516.179809524,243.263425926","0.854536528106,2.98847619048,0.748371171171,0.927291666667,0.413301075269,1.98687800454,2.28669573935,2.5562913257,1.72696441103,2.30904415584,5.16179809524,2.43263425926","0.00383471907281,0.00152179390275,0.000130511463845,0.0040811287478,6.55076845553e-05,2.01562106324e-05,4.7871000252e-05,0.000182413706223,2.26757369615e-05,3.93046107332e-05,9.07029478458e-06,4.48475686571e-05",Deterministic;BuildingSqm;Categorical,0,inf
