,co_mu,co_sd,p,mu,sd,dis,ub,lb
e_Intercept,,,-29960.626895641995,,,Deterministic,inf,-inf
e_ConstructionType,2752.5036651541072,138.88988100736103,,,,None,inf,0.0
e_sqm,16.748579618204253,0.5243214091904953,,,,Normal,inf,0.0
e_CDD,1.7152483912118865,0.08886849009733364,,,,Deterministic,inf,0.0
e_HDD,0.19850601172612165,0.0406246642677133,,,,Deterministic,inf,0.0
e_Income,0.03228984994020526,0.0026662712486156194,,,,None,inf,0.0
e_HHSize,1037.733889317732,36.33440973151448,,,,None,8.0,1.0
e_ConstructionYear,12.972898089158578,2.214585293061201,,,,None,2035.0,1800.0
