,co_mu,co_sd,p,dis,lb,ub
BuildingSqm,"3600.0,525.0,11100.0,12000.0,4650.0,105.0,105.0,39.0,105.0,105.0,105.0,36.0","36.0,5.25,111.0,120.0,46.5,1.05,1.05,0.39,1.05,1.05,1.05,0.36","0.00383471907281,0.00152179390275,0.000130511463845,0.0040811287478,6.55076845553e-05,2.01562106324e-05,4.7871000252e-05,0.000182413706223,2.26757369615e-05,3.93046107332e-05,9.07029478458e-06,4.48475686571e-05",Deterministic;c;Categorical,0,inf
BuildingCool,"42.9002267754,125.188571429,23.4353153153,31.9800833333,1.86064516129,9.64526077098,1.52852130326,275.699072559,2.89944862155,24.6870995671,1396.80914286,16.1851851852","0.429002267754,1.25188571429,0.234353153153,0.319800833333,0.0186064516129,0.0964526077098,0.0152852130326,2.75699072559,0.0289944862155,0.246870995671,13.9680914286,0.161851851852","0.00383471907281,0.00152179390275,0.000130511463845,0.0040811287478,6.55076845553e-05,2.01562106324e-05,4.7871000252e-05,0.000182413706223,2.26757369615e-05,3.93046107332e-05,9.07029478458e-06,4.48475686571e-05",Deterministic;BuildingSqm;Categorical,0,inf
