,co_mu,co_sd,p,mu,sd,dis,ub,lb
w_Intercept,,,-5.28240917773532,,,Deterministic,inf,-inf
w_ConstructionType,1.1517498469045513,0.11173945549084724,,,,Bernoulli,inf,0.0
w_Age,0.0005159223216794767,0.0016911806899021018,,,,Normal,85.0,20.0
w_ConstructionYear,0.01567612963588693,0.0011588814077943804,,,,Poisson,2035.0,1800.0
w_HHSize,10.360613540902667,0.27288903660923847,,,,Poisson,8.0,1.0
w_Income,0.0009566649482306625,1.2720393861473072e-05,,,,Gamma,inf,0.0
