,co_mu,co_sd,p,dis,lb,ub
BuildingSqm,"3600.0,525.0,11100.0,12000.0,4650.0,105.0,105.0,39.0,105.0,105.0,105.0,36.0","36.0,5.25,111.0,120.0,46.5,1.05,1.05,0.39,1.05,1.05,1.05,0.36","0.00383471907281,0.00152179390275,0.000130511463845,0.0040811287478,6.55076845553e-05,2.01562106324e-05,4.7871000252e-05,0.000182413706223,2.26757369615e-05,3.93046107332e-05,9.07029478458e-06,4.48475686571e-05",Deterministic;n;Categorical,0,
BuildingHeat,"114.646120414,820.44,79.1610810811,55.2916666667,101.099569892,183.492970522,33.1607017544,483.129187125,39.5974937343,27.5367965368,31.9466666667,82.1703703704","1.14646120414,8.2044,0.791610810811,0.552916666667,1.01099569892,1.83492970522,0.331607017544,4.83129187125,0.395974937343,0.275367965368,0.319466666667,0.821703703704","0.00383471907281,0.00152179390275,0.000130511463845,0.0040811287478,6.55076845553e-05,2.01562106324e-05,4.7871000252e-05,0.000182413706223,2.26757369615e-05,3.93046107332e-05,9.07029478458e-06,4.48475686571e-05",Deterministic;BuildingSqm;Categorical,0,
BuildingCool,"42.9002267754,125.188571429,23.4353153153,31.9800833333,1.86064516129,9.64526077098,1.52852130326,275.699072559,2.89944862155,24.6870995671,1396.80914286,16.1851851852","0.429002267754,1.25188571429,0.234353153153,0.319800833333,0.0186064516129,0.0964526077098,0.0152852130326,2.75699072559,0.0289944862155,0.246870995671,13.9680914286,0.161851851852","0.00383471907281,0.00152179390275,0.000130511463845,0.0040811287478,6.55076845553e-05,2.01562106324e-05,4.7871000252e-05,0.000182413706223,2.26757369615e-05,3.93046107332e-05,9.07029478458e-06,4.48475686571e-05",Deterministic;BuildingSqm;Categorical,0,
BuildingElec,"85.4536528106,298.847619048,74.8371171171,92.7291666667,41.3301075269,198.687800454,228.669573935,255.62913257,172.696441103,230.904415584,516.179809524,243.263425926","0.854536528106,2.98847619048,0.748371171171,0.927291666667,0.413301075269,1.98687800454,2.28669573935,2.5562913257,1.72696441103,2.30904415584,5.16179809524,2.43263425926","0.00383471907281,0.00152179390275,0.000130511463845,0.0040811287478,6.55076845553e-05,2.01562106324e-05,4.7871000252e-05,0.000182413706223,2.26757369615e-05,3.93046107332e-05,9.07029478458e-06,4.48475686571e-05",Deterministic;BuildingSqm;Categorical,0,
