,co_mu,co_sd,p,mu,sd,dis,ub,lb
e_Intercept,,,3.2999838733037463,,,Deterministic,,
e_Lighting,0.8256615909418198,18.6676007883057,0.9987289674373563,,,Bernoulli,,
e_TV,18.78990863686842,1.7596213199649449,0.7827744825081709,,,Bernoulli,,
e_Cooking,28.886242146142248,1.9689378099660912,0.16747367146834524,,,Bernoulli,,
e_Refrigeration,59.243235733813776,1.5560475029419594,0.436811524028568,,,Bernoulli,,
e_AC,203.322615455212,3.1301579997404843,0.059375378283500785,,,Bernoulli,,
e_Urban,24.59349987638341,1.391043508325972,0.550236048904491,,,Bernoulli,,
e_Income,0.0014260667515660986,4.102008769277018e-05,,,,None,inf,0.0
