,co_mu,co_sd,p,dis,mu,sd,ub,lb
w_Intercept,,,-601.5919500275481,Deterministic,,,,
w_Sex,98.49504620801835,29.44380722589748,0.22478621730382295,None,,,,
w_Urbanity,1000.9789077676428,25.415910606032206,0.5939386317907445,None,,,,
w_Total_Family_Income,0.05318701200857999,0.0009823058551951082,,None,,,,
w_FamilySize,49.73935151831777,5.897790558149098,,None,,,,
w_Age,6.088941881654669,0.9127405886772298,,None,,,,
w_Education,"1.0,214.4011453125436,260.32727427717964,101.7028394300736,40.18785101549648","1e-10,28.815802440470176,40.0574490885231,49.99575930571089,119.68054534501447",,None;i;Categorical,,,,
