"","G.ban_1","G.ban_2","G.ban_3","G.ban_4","G.ban_5","G.ban_no","G.dutyp_Apartamento","G.dutyp_Casa","G.connectio_Outra","G.connectio_Poço","G.connectio_Rede","G.sex_Homens","G.sex_Mulheres","G.age_20a24","G.age_25a29","G.age_30a34","G.age_35a39","G.age_40a44","G.age_45a49","G.age_50a54","G.age_55a59","G.age_60a64","G.age_65a69","G.age_70a74","G.age_75a79","G.age_80anosou","G.edu_primary","G.edu_master","G.hhsize_1","G.hhsize_2","G.hhsize_3","G.hhsize_4","G.hhsize_5","G.hhsize_6","G.hhsize_7","G.sqm"
"1",222041,74622,37919,7307,3341,40514,93920,291824,9450,36998,339296,178062.759123647,207680.390827915,49579.4120437941,49988.6617639472,46252.3871345277,42081.1429067318,39740.4076289058,36957.310283014,31636.4172326712,25210.8721061998,19975.9911913983,14388.5475327065,11734.3833785671,7944.40062984317,10252.2481300411,248722,9783,28897,81245,89884,86424,49881,23451,25962,41505962.9347881
