"","G.ban_1","G.ban_2","G.ban_3","G.ban_4","G.ban_5","G.ban_no","G.dutyp_Apartamento","G.dutyp_Casa","G.connectio_Outra","G.connectio_Poço","G.connectio_Rede","G.sex_Homens","G.sex_Mulheres","G.age_20a24","G.age_25a29","G.age_30a34","G.age_35a39","G.age_40a44","G.age_45a49","G.age_50a54","G.age_55a59","G.age_60a64","G.age_65a69","G.age_70a74","G.age_75a79","G.age_80anosou","G.edu_primary","G.edu_master","G.hhsize_1","G.hhsize_2","G.hhsize_3","G.hhsize_4","G.hhsize_5","G.hhsize_6","G.hhsize_7","G.sqm"
"1",221978,74617,37946,7286,3345,40572,93859,291885,9456,36977,339311,178062.759123647,207680.390827915,49625.4120437941,50122.6617639472,46413.3871345277,42206.1429067318,39908.4076289058,36643.310283014,31654.4172326712,25122.8721061998,19995.9911913983,14496.5475327065,11504.3833785671,7815.40062984317,10233.2481300411,248697,9796,28392,80166,89634,87270,50444,24120,25718,41505962.9347881
