"","G.ban_1","G.ban_2","G.ban_3","G.ban_4","G.ban_5","G.ban_no","G.dutyp_Apartamento","G.dutyp_Casa","G.connectio_Outra","G.connectio_Poço","G.connectio_Rede","G.sex_Homens","G.sex_Mulheres","G.age_20a24","G.age_25a29","G.age_30a34","G.age_35a39","G.age_40a44","G.age_45a49","G.age_50a54","G.age_55a59","G.age_60a64","G.age_65a69","G.age_70a74","G.age_75a79","G.age_80anosou","G.edu_primary","G.edu_master","G.hhsize_1","G.hhsize_2","G.hhsize_3","G.hhsize_4","G.hhsize_5","G.hhsize_6","G.hhsize_7","G.sqm"
"1",222105,74556,37886,7249,3369,40579,93778,291966,9435,36966,339343,178062.759123647,207680.390827915,49473.4120437941,49824.6617639472,46118.3871345277,42266.1429067318,39771.4076289058,36996.310283014,31789.4172326712,25168.8721061998,20071.9911913983,14429.5475327065,11638.3833785671,7927.40062984317,10266.2481300411,248680,9784,28075,80361,89785,86745,50911,23591,26276,41505962.9347881
