{"Water": 0.3640058102521976, "Electricity": 0.24191649320047892}