,area,ban_1,ban_2,ban_3,ban_4,ban_5,ban_no,dutyp_Apartamento,dutyp_Casa,connectio_Outra,connectio_Poço,connectio_Rede,sex_Homens,sex_Mulheres,age_20a24,age_25a29,age_30a34,age_35a39,age_40a44,age_45a49,age_50a54,age_55a59,age_60a64,age_65a69,age_70a74,age_75a79,age_80anosou,edu_primary,edu_collage,edu_master,hhsize_1,hhsize_2,hhsize_3,hhsize_4,hhsize_5,hhsize_6,hhsize_7,income,sqm,pop
2016,2016,231197.0,77715.0,39454.0,7583.0,3478.0,42220.0,97724.0,303923.0,9826.0,38531.0,353289.0,178062.75912364657,207680.39082791546,33166.41204379411,33464.661763947166,30909.387134527668,28358.142906731842,26646.40762890581,24707.31028301399,21282.417232671232,16850.872106199764,13411.991191398318,9703.54753270654,7802.383378567088,5301.400629843165,6864.248130041108,252582.0,129288.0,9945.0,169399.0,481713.0,539964.0,518510.0,300457.0,143864.0,155105.0,282591224.910978,41505962.93478808,385743.1499515619
